mutation_id	sample_id	ref_counts	alt_counts	major_cn	minor_cn	normal_cn	variant_cases	genotypes
NA12156,NA12878,NA18507,NA19240:chr10:43613843	SRR385938	2	2860	2	0	2	NA12156,NA12878,NA18507,NA19240	BB,BB,BB,BB
NA12156,NA12878,NA18507,NA19240:chr10:43613843	SRR385939	0	1749	2	0	2	NA12156,NA12878,NA18507,NA19240	BB,BB,BB,BB
NA12156,NA12878,NA18507,NA19240:chr10:43613843	SRR385940	0	2216	2	0	2	NA12156,NA12878,NA18507,NA19240	BB,BB,BB,BB
NA12156,NA12878,NA18507,NA19240:chr10:43613843	SRR385941	0	2177	2	0	2	NA12156,NA12878,NA18507,NA19240	BB,BB,BB,BB
NA12156:chr11:117096652	SRR385938	3993	36	2	0	2	NA12156	BB
NA12156:chr11:117096652	SRR385939	2557	58	2	0	2	NA12156	BB
NA12156:chr11:117096652	SRR385940	2909	498	2	0	2	NA12156	BB
NA12156:chr11:117096652	SRR385941	1037	2002	2	0	2	NA12156	BB
NA12156:chr13:32906729	SRR385938	5143	8	1	1	2	NA12156	AB
NA12156:chr13:32906729	SRR385939	3714	44	1	1	2	NA12156	AB
NA12156:chr13:32906729	SRR385940	4482	361	1	1	2	NA12156	AB
NA12156:chr13:32906729	SRR385941	3315	1229	1	1	2	NA12156	AB
NA12878,NA18507,NA19240:chr4:55152040	SRR385938	1197	1135	1	1	2	NA12878,NA18507,NA19240	AB,AB,AB
NA12878,NA18507,NA19240:chr4:55152040	SRR385939	745	746	1	1	2	NA12878,NA18507,NA19240	AB,AB,AB
NA12878,NA18507,NA19240:chr4:55152040	SRR385940	1144	929	1	1	2	NA12878,NA18507,NA19240	AB,AB,AB
NA12878,NA18507,NA19240:chr4:55152040	SRR385941	1549	305	1	1	2	NA12878,NA18507,NA19240	AB,AB,AB
NA12878:chr11:6898495	SRR385938	5194	296	2	0	2	NA12878	BB
NA12878:chr11:6898495	SRR385939	2687	843	2	0	2	NA12878	BB
NA12878:chr11:6898495	SRR385940	986	3873	2	0	2	NA12878	BB
NA12878:chr11:6898495	SRR385941	4459	125	2	0	2	NA12878	BB
NA12878:chr19:11227602	SRR385938	3169	123	1	1	2	NA12878	AB
NA12878:chr19:11227602	SRR385939	1816	266	1	1	2	NA12878	AB
NA12878:chr19:11227602	SRR385940	1863	1182	1	1	2	NA12878	AB
NA12878:chr19:11227602	SRR385941	2667	13	1	1	2	NA12878	AB
NA18507,NA19240:chr1:248224754	SRR385938	2726	2517	1	1	2	NA18507,NA19240	AB,AB
NA18507,NA19240:chr1:248224754	SRR385939	2122	1329	1	1	2	NA18507,NA19240	AB,AB
NA18507,NA19240:chr1:248224754	SRR385940	4572	172	1	1	2	NA18507,NA19240	AB,AB
NA18507,NA19240:chr1:248224754	SRR385941	3911	781	1	1	2	NA18507,NA19240	AB,AB
NA18507,NA19240:chr9:5081780	SRR385938	342	3487	2	0	2	NA18507,NA19240	BB,BB
NA18507,NA19240:chr9:5081780	SRR385939	644	1543	2	0	2	NA18507,NA19240	BB,BB
NA18507,NA19240:chr9:5081780	SRR385940	3032	177	2	0	2	NA18507,NA19240	BB,BB
NA18507,NA19240:chr9:5081780	SRR385941	2254	947	2	0	2	NA18507,NA19240	BB,BB
NA18507:chr10:100011442	SRR385938	2266	1066	2	0	2	NA18507	BB
NA18507:chr10:100011442	SRR385939	487	1345	2	0	2	NA18507	BB
NA18507:chr10:100011442	SRR385940	2653	32	2	0	2	NA18507	BB
NA18507:chr10:100011442	SRR385941	2311	274	2	0	2	NA18507	BB
NA18507:chr13:32912733	SRR385938	2702	403	1	1	2	NA18507	AB
NA18507:chr13:32912733	SRR385939	1158	665	1	1	2	NA18507	AB
NA18507:chr13:32912733	SRR385940	2690	53	1	1	2	NA18507	AB
NA18507:chr13:32912733	SRR385941	2442	91	1	1	2	NA18507	AB
NA19240:chr11:18291395	SRR385938	2865	1323	1	1	2	NA19240	AB
NA19240:chr11:18291395	SRR385939	2872	16	1	1	2	NA19240	AB
NA19240:chr11:18291395	SRR385940	3836	82	1	1	2	NA19240	AB
NA19240:chr11:18291395	SRR385941	3583	456	1	1	2	NA19240	AB
NA19240:chr11:26700310	SRR385938	2435	3817	2	0	2	NA19240	BB
NA19240:chr11:26700310	SRR385939	3513	18	2	0	2	NA19240	BB
NA19240:chr11:26700310	SRR385940	5427	312	2	0	2	NA19240	BB
NA19240:chr11:26700310	SRR385941	4153	1068	2	0	2	NA19240	BB
