mutation_id	sample_id	cluster_id	cellular_prevalence	cellular_prevalence_std	cluster_assignment_prob
NA18507,NA19240:chr1:248224754	SRR385938	0	0.9167	0.0044	1.0000
NA18507,NA19240:chr1:248224754	SRR385939	0	0.7221	0.0081	1.0000
NA18507,NA19240:chr1:248224754	SRR385940	0	0.0609	0.0027	1.0000
NA18507,NA19240:chr1:248224754	SRR385941	0	0.3090	0.0065	1.0000
NA18507,NA19240:chr9:5081780	SRR385938	0	0.9167	0.0044	1.0000
NA18507,NA19240:chr9:5081780	SRR385939	0	0.7221	0.0081	1.0000
NA18507,NA19240:chr9:5081780	SRR385940	0	0.0609	0.0027	1.0000
NA18507,NA19240:chr9:5081780	SRR385941	0	0.3090	0.0065	1.0000
NA18507:chr10:100011442	SRR385938	1	0.3030	0.0003	0.9992
NA18507:chr10:100011442	SRR385939	1	0.7071	0.0003	0.9992
NA18507:chr10:100011442	SRR385940	1	0.0202		0.9992
NA18507:chr10:100011442	SRR385941	1	0.0808	0.0000	0.9992
NA18507:chr10:123970173	SRR385938	1	0.3030	0.0003	0.7970
NA18507:chr10:123970173	SRR385939	1	0.7071	0.0003	0.7970
NA18507:chr10:123970173	SRR385940	1	0.0202		0.7970
NA18507:chr10:123970173	SRR385941	1	0.0808	0.0000	0.7970
NA18507:chr11:112104245	SRR385938	1	0.3030	0.0003	1.0000
NA18507:chr11:112104245	SRR385939	1	0.7071	0.0003	1.0000
NA18507:chr11:112104245	SRR385940	1	0.0202		1.0000
NA18507:chr11:112104245	SRR385941	1	0.0808	0.0000	1.0000
NA18507:chr11:5221424	SRR385938	1	0.3030	0.0003	0.9996
NA18507:chr11:5221424	SRR385939	1	0.7071	0.0003	0.9996
NA18507:chr11:5221424	SRR385940	1	0.0202		0.9996
NA18507:chr11:5221424	SRR385941	1	0.0808	0.0000	0.9996
NA18507:chr11:62009791	SRR385938	1	0.3030	0.0003	0.6103
NA18507:chr11:62009791	SRR385939	1	0.7071	0.0003	0.6103
NA18507:chr11:62009791	SRR385940	1	0.0202		0.6103
NA18507:chr11:62009791	SRR385941	1	0.0808	0.0000	0.6103
NA18507:chr11:71712531	SRR385938	1	0.3030	0.0003	1.0000
NA18507:chr11:71712531	SRR385939	1	0.7071	0.0003	1.0000
NA18507:chr11:71712531	SRR385940	1	0.0202		1.0000
NA18507:chr11:71712531	SRR385941	1	0.0808	0.0000	1.0000
NA18507:chr11:71717300	SRR385938	1	0.3030	0.0003	0.9059
NA18507:chr11:71717300	SRR385939	1	0.7071	0.0003	0.9059
NA18507:chr11:71717300	SRR385940	1	0.0202		0.9059
NA18507:chr11:71717300	SRR385941	1	0.0808	0.0000	0.9059
NA18507:chr13:32912733	SRR385938	1	0.3030	0.0003	1.0000
NA18507:chr13:32912733	SRR385939	1	0.7071	0.0003	1.0000
NA18507:chr13:32912733	SRR385940	1	0.0202		1.0000
NA18507:chr13:32912733	SRR385941	1	0.0808	0.0000	1.0000
NA18507:chr14:21109726	SRR385938	1	0.3030	0.0003	1.0000
NA18507:chr14:21109726	SRR385939	1	0.7071	0.0003	1.0000
NA18507:chr14:21109726	SRR385940	1	0.0202		1.0000
NA18507:chr14:21109726	SRR385941	1	0.0808	0.0000	1.0000
NA18507:chr14:50074241	SRR385938	1	0.3030	0.0003	1.0000
NA18507:chr14:50074241	SRR385939	1	0.7071	0.0003	1.0000
NA18507:chr14:50074241	SRR385940	1	0.0202		1.0000
NA18507:chr14:50074241	SRR385941	1	0.0808	0.0000	1.0000
NA18507:chr19:55107775	SRR385938	1	0.3030	0.0003	1.0000
NA18507:chr19:55107775	SRR385939	1	0.7071	0.0003	1.0000
NA18507:chr19:55107775	SRR385940	1	0.0202		1.0000
NA18507:chr19:55107775	SRR385941	1	0.0808	0.0000	1.0000
NA18507:chr1:42865292	SRR385938	1	0.3030	0.0003	1.0000
NA18507:chr1:42865292	SRR385939	1	0.7071	0.0003	1.0000
NA18507:chr1:42865292	SRR385940	1	0.0202		1.0000
NA18507:chr1:42865292	SRR385941	1	0.0808	0.0000	1.0000
NA18507:chr2:113737630	SRR385938	1	0.3030	0.0003	0.9048
NA18507:chr2:113737630	SRR385939	1	0.7071	0.0003	0.9048
NA18507:chr2:113737630	SRR385940	1	0.0202		0.9048
NA18507:chr2:113737630	SRR385941	1	0.0808	0.0000	0.9048
NA18507:chr2:26699033	SRR385938	1	0.3030	0.0003	1.0000
NA18507:chr2:26699033	SRR385939	1	0.7071	0.0003	1.0000
NA18507:chr2:26699033	SRR385940	1	0.0202		1.0000
NA18507:chr2:26699033	SRR385941	1	0.0808	0.0000	1.0000
NA18507:chr3:171969228	SRR385938	1	0.3030	0.0003	0.9969
NA18507:chr3:171969228	SRR385939	1	0.7071	0.0003	0.9969
NA18507:chr3:171969228	SRR385940	1	0.0202		0.9969
NA18507:chr3:171969228	SRR385941	1	0.0808	0.0000	0.9969
NA18507:chr3:45754685	SRR385938	1	0.3030	0.0003	0.9945
NA18507:chr3:45754685	SRR385939	1	0.7071	0.0003	0.9945
NA18507:chr3:45754685	SRR385940	1	0.0202		0.9945
NA18507:chr3:45754685	SRR385941	1	0.0808	0.0000	0.9945
NA18507:chr4:3009479	SRR385938	1	0.3030	0.0003	0.9994
NA18507:chr4:3009479	SRR385939	1	0.7071	0.0003	0.9994
NA18507:chr4:3009479	SRR385940	1	0.0202		0.9994
NA18507:chr4:3009479	SRR385941	1	0.0808	0.0000	0.9994
NA18507:chr4:72622566	SRR385938	1	0.3030	0.0003	1.0000
NA18507:chr4:72622566	SRR385939	1	0.7071	0.0003	1.0000
NA18507:chr4:72622566	SRR385940	1	0.0202		1.0000
NA18507:chr4:72622566	SRR385941	1	0.0808	0.0000	1.0000
NA18507:chr4:88732911	SRR385938	1	0.3030	0.0003	1.0000
NA18507:chr4:88732911	SRR385939	1	0.7071	0.0003	1.0000
NA18507:chr4:88732911	SRR385940	1	0.0202		1.0000
NA18507:chr4:88732911	SRR385941	1	0.0808	0.0000	1.0000
NA18507:chr5:108233462	SRR385938	1	0.3030	0.0003	0.9986
NA18507:chr5:108233462	SRR385939	1	0.7071	0.0003	0.9986
NA18507:chr5:108233462	SRR385940	1	0.0202		0.9986
NA18507:chr5:108233462	SRR385941	1	0.0808	0.0000	0.9986
NA18507:chr5:180166866	SRR385938	1	0.3030	0.0003	0.8373
NA18507:chr5:180166866	SRR385939	1	0.7071	0.0003	0.8373
NA18507:chr5:180166866	SRR385940	1	0.0202		0.8373
NA18507:chr5:180166866	SRR385941	1	0.0808	0.0000	0.8373
NA18507:chr5:180166877	SRR385938	1	0.3030	0.0003	0.9989
NA18507:chr5:180166877	SRR385939	1	0.7071	0.0003	0.9989
NA18507:chr5:180166877	SRR385940	1	0.0202		0.9989
NA18507:chr5:180166877	SRR385941	1	0.0808	0.0000	0.9989
NA18507:chr6:26385263	SRR385938	1	0.3030	0.0003	0.9999
NA18507:chr6:26385263	SRR385939	1	0.7071	0.0003	0.9999
NA18507:chr6:26385263	SRR385940	1	0.0202		0.9999
NA18507:chr6:26385263	SRR385941	1	0.0808	0.0000	0.9999
NA18507:chr6:43582091	SRR385938	1	0.3030	0.0003	1.0000
NA18507:chr6:43582091	SRR385939	1	0.7071	0.0003	1.0000
NA18507:chr6:43582091	SRR385940	1	0.0202		1.0000
NA18507:chr6:43582091	SRR385941	1	0.0808	0.0000	1.0000
NA18507:chr7:76922490	SRR385938	1	0.3030	0.0003	0.9870
NA18507:chr7:76922490	SRR385939	1	0.7071	0.0003	0.9870
NA18507:chr7:76922490	SRR385940	1	0.0202		0.9870
NA18507:chr7:76922490	SRR385941	1	0.0808	0.0000	0.9870
NA18507:chr9:139393679	SRR385938	1	0.3030	0.0003	1.0000
NA18507:chr9:139393679	SRR385939	1	0.7071	0.0003	1.0000
NA18507:chr9:139393679	SRR385940	1	0.0202		1.0000
NA18507:chr9:139393679	SRR385941	1	0.0808	0.0000	1.0000
NA12156:chr11:117096652	SRR385938	2	0.0101	0.0000	1.0000
NA12156:chr11:117096652	SRR385939	2	0.0346	0.0050	1.0000
NA12156:chr11:117096652	SRR385940	2	0.1313		1.0000
NA12156:chr11:117096652	SRR385941	2	0.6667	0.0000	1.0000
NA12156:chr11:118178007	SRR385938	2	0.0101	0.0000	1.0000
NA12156:chr11:118178007	SRR385939	2	0.0346	0.0050	1.0000
NA12156:chr11:118178007	SRR385940	2	0.1313		1.0000
NA12156:chr11:118178007	SRR385941	2	0.6667	0.0000	1.0000
NA12156:chr11:18291321	SRR385938	2	0.0101	0.0000	1.0000
NA12156:chr11:18291321	SRR385939	2	0.0346	0.0050	1.0000
NA12156:chr11:18291321	SRR385940	2	0.1313		1.0000
NA12156:chr11:18291321	SRR385941	2	0.6667	0.0000	1.0000
NA12156:chr11:5364450	SRR385938	2	0.0101	0.0000	1.0000
NA12156:chr11:5364450	SRR385939	2	0.0346	0.0050	1.0000
NA12156:chr11:5364450	SRR385940	2	0.1313		1.0000
NA12156:chr11:5364450	SRR385941	2	0.6667	0.0000	1.0000
NA12156:chr11:5529152	SRR385938	2	0.0101	0.0000	1.0000
NA12156:chr11:5529152	SRR385939	2	0.0346	0.0050	1.0000
NA12156:chr11:5529152	SRR385940	2	0.1313		1.0000
NA12156:chr11:5529152	SRR385941	2	0.6667	0.0000	1.0000
NA12156:chr12:132631855	SRR385938	2	0.0101	0.0000	1.0000
NA12156:chr12:132631855	SRR385939	2	0.0346	0.0050	1.0000
NA12156:chr12:132631855	SRR385940	2	0.1313		1.0000
NA12156:chr12:132631855	SRR385941	2	0.6667	0.0000	1.0000
NA12156:chr12:13764774	SRR385938	2	0.0101	0.0000	1.0000
NA12156:chr12:13764774	SRR385939	2	0.0346	0.0050	1.0000
NA12156:chr12:13764774	SRR385940	2	0.1313		1.0000
NA12156:chr12:13764774	SRR385941	2	0.6667	0.0000	1.0000
NA12156:chr12:77419593	SRR385938	2	0.0101	0.0000	1.0000
NA12156:chr12:77419593	SRR385939	2	0.0346	0.0050	1.0000
NA12156:chr12:77419593	SRR385940	2	0.1313		1.0000
NA12156:chr12:77419593	SRR385941	2	0.6667	0.0000	1.0000
NA12156:chr13:32906729	SRR385938	2	0.0101	0.0000	1.0000
NA12156:chr13:32906729	SRR385939	2	0.0346	0.0050	1.0000
NA12156:chr13:32906729	SRR385940	2	0.1313		1.0000
NA12156:chr13:32906729	SRR385941	2	0.6667	0.0000	1.0000
NA12156:chr14:21109745	SRR385938	2	0.0101	0.0000	1.0000
NA12156:chr14:21109745	SRR385939	2	0.0346	0.0050	1.0000
NA12156:chr14:21109745	SRR385940	2	0.1313		1.0000
NA12156:chr14:21109745	SRR385941	2	0.6667	0.0000	1.0000
NA12156:chr16:4849705	SRR385938	2	0.0101	0.0000	1.0000
NA12156:chr16:4849705	SRR385939	2	0.0346	0.0050	1.0000
NA12156:chr16:4849705	SRR385940	2	0.1313		1.0000
NA12156:chr16:4849705	SRR385941	2	0.6667	0.0000	1.0000
NA12156:chr19:38160760	SRR385938	2	0.0101	0.0000	1.0000
NA12156:chr19:38160760	SRR385939	2	0.0346	0.0050	1.0000
NA12156:chr19:38160760	SRR385940	2	0.1313		1.0000
NA12156:chr19:38160760	SRR385941	2	0.6667	0.0000	1.0000
NA12156:chr19:39908574	SRR385938	2	0.0101	0.0000	1.0000
NA12156:chr19:39908574	SRR385939	2	0.0346	0.0050	1.0000
NA12156:chr19:39908574	SRR385940	2	0.1313		1.0000
NA12156:chr19:39908574	SRR385941	2	0.6667	0.0000	1.0000
NA12156:chr19:43763059	SRR385938	2	0.0101	0.0000	1.0000
NA12156:chr19:43763059	SRR385939	2	0.0346	0.0050	1.0000
NA12156:chr19:43763059	SRR385940	2	0.1313		1.0000
NA12156:chr19:43763059	SRR385941	2	0.6667	0.0000	1.0000
NA12156:chr19:55494651	SRR385938	2	0.0101	0.0000	1.0000
NA12156:chr19:55494651	SRR385939	2	0.0346	0.0050	1.0000
NA12156:chr19:55494651	SRR385940	2	0.1313		1.0000
NA12156:chr19:55494651	SRR385941	2	0.6667	0.0000	1.0000
NA12156:chr19:9968139	SRR385938	2	0.0101	0.0000	1.0000
NA12156:chr19:9968139	SRR385939	2	0.0346	0.0050	1.0000
NA12156:chr19:9968139	SRR385940	2	0.1313		1.0000
NA12156:chr19:9968139	SRR385941	2	0.6667	0.0000	1.0000
NA12156:chr1:145533175	SRR385938	2	0.0101	0.0000	1.0000
NA12156:chr1:145533175	SRR385939	2	0.0346	0.0050	1.0000
NA12156:chr1:145533175	SRR385940	2	0.1313		1.0000
NA12156:chr1:145533175	SRR385941	2	0.6667	0.0000	1.0000
NA12156:chr1:17396592	SRR385938	2	0.0101	0.0000	1.0000
NA12156:chr1:17396592	SRR385939	2	0.0346	0.0050	1.0000
NA12156:chr1:17396592	SRR385940	2	0.1313		1.0000
NA12156:chr1:17396592	SRR385941	2	0.6667	0.0000	1.0000
NA12156:chr1:46500613	SRR385938	2	0.0101	0.0000	1.0000
NA12156:chr1:46500613	SRR385939	2	0.0346	0.0050	1.0000
NA12156:chr1:46500613	SRR385940	2	0.1313		1.0000
NA12156:chr1:46500613	SRR385941	2	0.6667	0.0000	1.0000
NA12156:chr1:70820008	SRR385938	2	0.0101	0.0000	1.0000
NA12156:chr1:70820008	SRR385939	2	0.0346	0.0050	1.0000
NA12156:chr1:70820008	SRR385940	2	0.1313		1.0000
NA12156:chr1:70820008	SRR385941	2	0.6667	0.0000	1.0000
NA12156:chr22:32587302	SRR385938	2	0.0101	0.0000	1.0000
NA12156:chr22:32587302	SRR385939	2	0.0346	0.0050	1.0000
NA12156:chr22:32587302	SRR385940	2	0.1313		1.0000
NA12156:chr22:32587302	SRR385941	2	0.6667	0.0000	1.0000
NA12156:chr2:175263063	SRR385938	2	0.0101	0.0000	1.0000
NA12156:chr2:175263063	SRR385939	2	0.0346	0.0050	1.0000
NA12156:chr2:175263063	SRR385940	2	0.1313		1.0000
NA12156:chr2:175263063	SRR385941	2	0.6667	0.0000	1.0000
NA12156:chr2:21263900	SRR385938	2	0.0101	0.0000	1.0000
NA12156:chr2:21263900	SRR385939	2	0.0346	0.0050	1.0000
NA12156:chr2:21263900	SRR385940	2	0.1313		1.0000
NA12156:chr2:21263900	SRR385941	2	0.6667	0.0000	1.0000
NA12156:chr2:26699003	SRR385938	2	0.0101	0.0000	1.0000
NA12156:chr2:26699003	SRR385939	2	0.0346	0.0050	1.0000
NA12156:chr2:26699003	SRR385940	2	0.1313		1.0000
NA12156:chr2:26699003	SRR385941	2	0.6667	0.0000	1.0000
NA12156:chr2:33487873	SRR385938	2	0.0101	0.0000	1.0000
NA12156:chr2:33487873	SRR385939	2	0.0346	0.0050	1.0000
NA12156:chr2:33487873	SRR385940	2	0.1313		1.0000
NA12156:chr2:33487873	SRR385941	2	0.6667	0.0000	1.0000
NA12156:chr3:37053568	SRR385938	2	0.0101	0.0000	1.0000
NA12156:chr3:37053568	SRR385939	2	0.0346	0.0050	1.0000
NA12156:chr3:37053568	SRR385940	2	0.1313		1.0000
NA12156:chr3:37053568	SRR385941	2	0.6667	0.0000	1.0000
NA12156:chr3:56763619	SRR385938	2	0.0101	0.0000	1.0000
NA12156:chr3:56763619	SRR385939	2	0.0346	0.0050	1.0000
NA12156:chr3:56763619	SRR385940	2	0.1313		1.0000
NA12156:chr3:56763619	SRR385941	2	0.6667	0.0000	1.0000
NA12156:chr3:8775589	SRR385938	2	0.0101	0.0000	1.0000
NA12156:chr3:8775589	SRR385939	2	0.0346	0.0050	1.0000
NA12156:chr3:8775589	SRR385940	2	0.1313		1.0000
NA12156:chr3:8775589	SRR385941	2	0.6667	0.0000	1.0000
NA12156:chr4:88732918	SRR385938	2	0.0101	0.0000	1.0000
NA12156:chr4:88732918	SRR385939	2	0.0346	0.0050	1.0000
NA12156:chr4:88732918	SRR385940	2	0.1313		1.0000
NA12156:chr4:88732918	SRR385941	2	0.6667	0.0000	1.0000
NA12156:chr5:132198199	SRR385938	2	0.0101	0.0000	1.0000
NA12156:chr5:132198199	SRR385939	2	0.0346	0.0050	1.0000
NA12156:chr5:132198199	SRR385940	2	0.1313		1.0000
NA12156:chr5:132198199	SRR385941	2	0.6667	0.0000	1.0000
NA12156:chr5:137625228	SRR385938	2	0.0101	0.0000	1.0000
NA12156:chr5:137625228	SRR385939	2	0.0346	0.0050	1.0000
NA12156:chr5:137625228	SRR385940	2	0.1313		1.0000
NA12156:chr5:137625228	SRR385941	2	0.6667	0.0000	1.0000
NA12156:chr6:39563863	SRR385938	2	0.0101	0.0000	1.0000
NA12156:chr6:39563863	SRR385939	2	0.0346	0.0050	1.0000
NA12156:chr6:39563863	SRR385940	2	0.1313		1.0000
NA12156:chr6:39563863	SRR385941	2	0.6667	0.0000	1.0000
NA12156:chr7:116435768	SRR385938	2	0.0101	0.0000	1.0000
NA12156:chr7:116435768	SRR385939	2	0.0346	0.0050	1.0000
NA12156:chr7:116435768	SRR385940	2	0.1313		1.0000
NA12156:chr7:116435768	SRR385941	2	0.6667	0.0000	1.0000
NA12156:chr7:50514577	SRR385938	2	0.0101	0.0000	1.0000
NA12156:chr7:50514577	SRR385939	2	0.0346	0.0050	1.0000
NA12156:chr7:50514577	SRR385940	2	0.1313		1.0000
NA12156:chr7:50514577	SRR385941	2	0.6667	0.0000	1.0000
NA12156:chr7:796430	SRR385938	2	0.0101	0.0000	1.0000
NA12156:chr7:796430	SRR385939	2	0.0346	0.0050	1.0000
NA12156:chr7:796430	SRR385940	2	0.1313		1.0000
NA12156:chr7:796430	SRR385941	2	0.6667	0.0000	1.0000
NA12156:chr8:144620584	SRR385938	2	0.0101	0.0000	1.0000
NA12156:chr8:144620584	SRR385939	2	0.0346	0.0050	1.0000
NA12156:chr8:144620584	SRR385940	2	0.1313		1.0000
NA12156:chr8:144620584	SRR385941	2	0.6667	0.0000	1.0000
NA12156:chr9:100070351	SRR385938	2	0.0101	0.0000	1.0000
NA12156:chr9:100070351	SRR385939	2	0.0346	0.0050	1.0000
NA12156:chr9:100070351	SRR385940	2	0.1313		1.0000
NA12156:chr9:100070351	SRR385941	2	0.6667	0.0000	1.0000
NA12878,NA18507,NA19240:chr4:55152040	SRR385938	3	0.9707	0.0183	1.0000
NA12878,NA18507,NA19240:chr4:55152040	SRR385939	3	0.9826	0.0163	1.0000
NA12878,NA18507,NA19240:chr4:55152040	SRR385940	3	0.8962	0.0219	1.0000
NA12878,NA18507,NA19240:chr4:55152040	SRR385941	3	0.3284	0.0173	1.0000
NA19240:chr11:18291395	SRR385938	4	0.6263	0.0003	1.0000
NA19240:chr11:18291395	SRR385939	4	0.0101	0.0000	1.0000
NA19240:chr11:18291395	SRR385940	4	0.0534	0.0046	1.0000
NA19240:chr11:18291395	SRR385941	4	0.2020	0.0005	1.0000
NA19240:chr11:26700310	SRR385938	4	0.6263	0.0003	1.0000
NA19240:chr11:26700310	SRR385939	4	0.0101	0.0000	1.0000
NA19240:chr11:26700310	SRR385940	4	0.0534	0.0046	1.0000
NA19240:chr11:26700310	SRR385941	4	0.2020	0.0005	1.0000
NA19240:chr11:59860922	SRR385938	4	0.6263	0.0003	1.0000
NA19240:chr11:59860922	SRR385939	4	0.0101	0.0000	1.0000
NA19240:chr11:59860922	SRR385940	4	0.0534	0.0046	1.0000
NA19240:chr11:59860922	SRR385941	4	0.2020	0.0005	1.0000
NA19240:chr17:4918122	SRR385938	4	0.6263	0.0003	1.0000
NA19240:chr17:4918122	SRR385939	4	0.0101	0.0000	1.0000
NA19240:chr17:4918122	SRR385940	4	0.0534	0.0046	1.0000
NA19240:chr17:4918122	SRR385941	4	0.2020	0.0005	1.0000
NA19240:chr17:5264916	SRR385938	4	0.6263	0.0003	1.0000
NA19240:chr17:5264916	SRR385939	4	0.0101	0.0000	1.0000
NA19240:chr17:5264916	SRR385940	4	0.0534	0.0046	1.0000
NA19240:chr17:5264916	SRR385941	4	0.2020	0.0005	1.0000
NA19240:chr18:50278635	SRR385938	4	0.6263	0.0003	1.0000
NA19240:chr18:50278635	SRR385939	4	0.0101	0.0000	1.0000
NA19240:chr18:50278635	SRR385940	4	0.0534	0.0046	1.0000
NA19240:chr18:50278635	SRR385941	4	0.2020	0.0005	1.0000
NA19240:chr1:152285137	SRR385938	4	0.6263	0.0003	1.0000
NA19240:chr1:152285137	SRR385939	4	0.0101	0.0000	1.0000
NA19240:chr1:152285137	SRR385940	4	0.0534	0.0046	1.0000
NA19240:chr1:152285137	SRR385941	4	0.2020	0.0005	1.0000
NA19240:chr1:152285188	SRR385938	4	0.6263	0.0003	1.0000
NA19240:chr1:152285188	SRR385939	4	0.0101	0.0000	1.0000
NA19240:chr1:152285188	SRR385940	4	0.0534	0.0046	1.0000
NA19240:chr1:152285188	SRR385941	4	0.2020	0.0005	1.0000
NA19240:chr2:242192848	SRR385938	4	0.6263	0.0003	1.0000
NA19240:chr2:242192848	SRR385939	4	0.0101	0.0000	1.0000
NA19240:chr2:242192848	SRR385940	4	0.0534	0.0046	1.0000
NA19240:chr2:242192848	SRR385941	4	0.2020	0.0005	1.0000
NA19240:chr3:178927410	SRR385938	4	0.6263	0.0003	1.0000
NA19240:chr3:178927410	SRR385939	4	0.0101	0.0000	1.0000
NA19240:chr3:178927410	SRR385940	4	0.0534	0.0046	1.0000
NA19240:chr3:178927410	SRR385941	4	0.2020	0.0005	1.0000
NA19240:chr5:112178995	SRR385938	4	0.6263	0.0003	1.0000
NA19240:chr5:112178995	SRR385939	4	0.0101	0.0000	1.0000
NA19240:chr5:112178995	SRR385940	4	0.0534	0.0046	1.0000
NA19240:chr5:112178995	SRR385941	4	0.2020	0.0005	1.0000
NA19240:chr5:135228165	SRR385938	4	0.6263	0.0003	1.0000
NA19240:chr5:135228165	SRR385939	4	0.0101	0.0000	1.0000
NA19240:chr5:135228165	SRR385940	4	0.0534	0.0046	1.0000
NA19240:chr5:135228165	SRR385941	4	0.2020	0.0005	1.0000
NA19240:chr6:168352219	SRR385938	4	0.6263	0.0003	1.0000
NA19240:chr6:168352219	SRR385939	4	0.0101	0.0000	1.0000
NA19240:chr6:168352219	SRR385940	4	0.0534	0.0046	1.0000
NA19240:chr6:168352219	SRR385941	4	0.2020	0.0005	1.0000
NA19240:chr8:87641271	SRR385938	4	0.6263	0.0003	1.0000
NA19240:chr8:87641271	SRR385939	4	0.0101	0.0000	1.0000
NA19240:chr8:87641271	SRR385940	4	0.0534	0.0046	1.0000
NA19240:chr8:87641271	SRR385941	4	0.2020	0.0005	1.0000
NA19240:chr9:35661088	SRR385938	4	0.6263	0.0003	1.0000
NA19240:chr9:35661088	SRR385939	4	0.0101	0.0000	1.0000
NA19240:chr9:35661088	SRR385940	4	0.0534	0.0046	1.0000
NA19240:chr9:35661088	SRR385941	4	0.2020	0.0005	1.0000
NA19240:chr12:12332842	SRR385938	5	0.6162	0.0006	1.0000
NA19240:chr12:12332842	SRR385939	5	0.0101	0.0000	1.0000
NA19240:chr12:12332842	SRR385940	5	0.0404	0.0003	1.0000
NA19240:chr12:12332842	SRR385941	5	0.3889	0.1163	1.0000
NA19240:chr12:46321702	SRR385938	5	0.6162	0.0006	1.0000
NA19240:chr12:46321702	SRR385939	5	0.0101	0.0000	1.0000
NA19240:chr12:46321702	SRR385940	5	0.0404	0.0003	1.0000
NA19240:chr12:46321702	SRR385941	5	0.3889	0.1163	1.0000
NA19240:chr15:50399138	SRR385938	5	0.6162	0.0006	0.5800
NA19240:chr15:50399138	SRR385939	5	0.0101	0.0000	0.5800
NA19240:chr15:50399138	SRR385940	5	0.0404	0.0003	0.5800
NA19240:chr15:50399138	SRR385941	5	0.3889	0.1163	0.5800
NA19240:chr19:10127866	SRR385938	5	0.6162	0.0006	1.0000
NA19240:chr19:10127866	SRR385939	5	0.0101	0.0000	1.0000
NA19240:chr19:10127866	SRR385940	5	0.0404	0.0003	1.0000
NA19240:chr19:10127866	SRR385941	5	0.3889	0.1163	1.0000
NA19240:chr1:152283811	SRR385938	5	0.6162	0.0006	1.0000
NA19240:chr1:152283811	SRR385939	5	0.0101	0.0000	1.0000
NA19240:chr1:152283811	SRR385940	5	0.0404	0.0003	1.0000
NA19240:chr1:152283811	SRR385941	5	0.3889	0.1163	1.0000
NA19240:chr2:165754983	SRR385938	5	0.6162	0.0006	0.9912
NA19240:chr2:165754983	SRR385939	5	0.0101	0.0000	0.9912
NA19240:chr2:165754983	SRR385940	5	0.0404	0.0003	0.9912
NA19240:chr2:165754983	SRR385941	5	0.3889	0.1163	0.9912
NA19240:chr2:202264165	SRR385938	5	0.6162	0.0006	0.7441
NA19240:chr2:202264165	SRR385939	5	0.0101	0.0000	0.7441
NA19240:chr2:202264165	SRR385940	5	0.0404	0.0003	0.7441
NA19240:chr2:202264165	SRR385941	5	0.3889	0.1163	0.7441
NA19240:chr2:26502880	SRR385938	5	0.6162	0.0006	1.0000
NA19240:chr2:26502880	SRR385939	5	0.0101	0.0000	1.0000
NA19240:chr2:26502880	SRR385940	5	0.0404	0.0003	1.0000
NA19240:chr2:26502880	SRR385941	5	0.3889	0.1163	1.0000
NA19240:chr2:26502941	SRR385938	5	0.6162	0.0006	1.0000
NA19240:chr2:26502941	SRR385939	5	0.0101	0.0000	1.0000
NA19240:chr2:26502941	SRR385940	5	0.0404	0.0003	1.0000
NA19240:chr2:26502941	SRR385941	5	0.3889	0.1163	1.0000
NA19240:chr3:38058044	SRR385938	5	0.6162	0.0006	1.0000
NA19240:chr3:38058044	SRR385939	5	0.0101	0.0000	1.0000
NA19240:chr3:38058044	SRR385940	5	0.0404	0.0003	1.0000
NA19240:chr3:38058044	SRR385941	5	0.3889	0.1163	1.0000
NA19240:chr3:52130666	SRR385938	5	0.6162	0.0006	1.0000
NA19240:chr3:52130666	SRR385939	5	0.0101	0.0000	1.0000
NA19240:chr3:52130666	SRR385940	5	0.0404	0.0003	1.0000
NA19240:chr3:52130666	SRR385941	5	0.3889	0.1163	1.0000
NA19240:chr5:147805120	SRR385938	5	0.6162	0.0006	1.0000
NA19240:chr5:147805120	SRR385939	5	0.0101	0.0000	1.0000
NA19240:chr5:147805120	SRR385940	5	0.0404	0.0003	1.0000
NA19240:chr5:147805120	SRR385941	5	0.3889	0.1163	1.0000
NA19240:chr9:2029196	SRR385938	5	0.6162	0.0006	0.9991
NA19240:chr9:2029196	SRR385939	5	0.0101	0.0000	0.9991
NA19240:chr9:2029196	SRR385940	5	0.0404	0.0003	0.9991
NA19240:chr9:2029196	SRR385941	5	0.3889	0.1163	0.9991
NA12156,NA12878,NA18507,NA19240:chr10:43613843	SRR385938	6	1.0000	0.0000	1.0000
NA12156,NA12878,NA18507,NA19240:chr10:43613843	SRR385939	6	1.0000	0.0000	1.0000
NA12156,NA12878,NA18507,NA19240:chr10:43613843	SRR385940	6	1.0000	0.0000	1.0000
NA12156,NA12878,NA18507,NA19240:chr10:43613843	SRR385941	6	1.0000	0.0000	1.0000
NA12156,NA12878,NA18507,NA19240:chr13:32913055	SRR385938	6	1.0000	0.0000	1.0000
NA12156,NA12878,NA18507,NA19240:chr13:32913055	SRR385939	6	1.0000	0.0000	1.0000
NA12156,NA12878,NA18507,NA19240:chr13:32913055	SRR385940	6	1.0000	0.0000	1.0000
NA12156,NA12878,NA18507,NA19240:chr13:32913055	SRR385941	6	1.0000	0.0000	1.0000
NA12156,NA12878,NA18507,NA19240:chr4:55141055	SRR385938	6	1.0000	0.0000	1.0000
NA12156,NA12878,NA18507,NA19240:chr4:55141055	SRR385939	6	1.0000	0.0000	1.0000
NA12156,NA12878,NA18507,NA19240:chr4:55141055	SRR385940	6	1.0000	0.0000	1.0000
NA12156,NA12878,NA18507,NA19240:chr4:55141055	SRR385941	6	1.0000	0.0000	1.0000
NA19240:chr8:7308674	SRR385938	7	0.2651	0.0757	1.0000
NA19240:chr8:7308674	SRR385939	7	0.0102	0.0010	1.0000
NA19240:chr8:7308674	SRR385940	7	0.0101	0.0006	1.0000
NA19240:chr8:7308674	SRR385941	7	0.0846	0.0259	1.0000
NA12878:chr11:6898495	SRR385938	8	0.0808	0.0000	1.0000
NA12878:chr11:6898495	SRR385939	8	0.2424	0.0003	1.0000
NA12878:chr11:6898495	SRR385940	8	0.8182	0.0002	1.0000
NA12878:chr11:6898495	SRR385941	8	0.0303	0.0000	1.0000
NA12878:chr12:53708910	SRR385938	8	0.0808	0.0000	1.0000
NA12878:chr12:53708910	SRR385939	8	0.2424	0.0003	1.0000
NA12878:chr12:53708910	SRR385940	8	0.8182	0.0002	1.0000
NA12878:chr12:53708910	SRR385941	8	0.0303	0.0000	1.0000
NA12878:chr14:102901201	SRR385938	8	0.0808	0.0000	1.0000
NA12878:chr14:102901201	SRR385939	8	0.2424	0.0003	1.0000
NA12878:chr14:102901201	SRR385940	8	0.8182	0.0002	1.0000
NA12878:chr14:102901201	SRR385941	8	0.0303	0.0000	1.0000
NA12878:chr17:29623288	SRR385938	8	0.0808	0.0000	1.0000
NA12878:chr17:29623288	SRR385939	8	0.2424	0.0003	1.0000
NA12878:chr17:29623288	SRR385940	8	0.8182	0.0002	1.0000
NA12878:chr17:29623288	SRR385941	8	0.0303	0.0000	1.0000
NA12878:chr17:35346641	SRR385938	8	0.0808	0.0000	1.0000
NA12878:chr17:35346641	SRR385939	8	0.2424	0.0003	1.0000
NA12878:chr17:35346641	SRR385940	8	0.8182	0.0002	1.0000
NA12878:chr17:35346641	SRR385941	8	0.0303	0.0000	1.0000
NA12878:chr17:72937795	SRR385938	8	0.0808	0.0000	1.0000
NA12878:chr17:72937795	SRR385939	8	0.2424	0.0003	1.0000
NA12878:chr17:72937795	SRR385940	8	0.8182	0.0002	1.0000
NA12878:chr17:72937795	SRR385941	8	0.0303	0.0000	1.0000
NA12878:chr18:44561619	SRR385938	8	0.0808	0.0000	1.0000
NA12878:chr18:44561619	SRR385939	8	0.2424	0.0003	1.0000
NA12878:chr18:44561619	SRR385940	8	0.8182	0.0002	1.0000
NA12878:chr18:44561619	SRR385941	8	0.0303	0.0000	1.0000
NA12878:chr19:11227602	SRR385938	8	0.0808	0.0000	1.0000
NA12878:chr19:11227602	SRR385939	8	0.2424	0.0003	1.0000
NA12878:chr19:11227602	SRR385940	8	0.8182	0.0002	1.0000
NA12878:chr19:11227602	SRR385941	8	0.0303	0.0000	1.0000
NA12878:chr19:21131571	SRR385938	8	0.0808	0.0000	1.0000
NA12878:chr19:21131571	SRR385939	8	0.2424	0.0003	1.0000
NA12878:chr19:21131571	SRR385940	8	0.8182	0.0002	1.0000
NA12878:chr19:21131571	SRR385941	8	0.0303	0.0000	1.0000
NA12878:chr19:35836530	SRR385938	8	0.0808	0.0000	1.0000
NA12878:chr19:35836530	SRR385939	8	0.2424	0.0003	1.0000
NA12878:chr19:35836530	SRR385940	8	0.8182	0.0002	1.0000
NA12878:chr19:35836530	SRR385941	8	0.0303	0.0000	1.0000
NA12878:chr19:54849463	SRR385938	8	0.0808	0.0000	1.0000
NA12878:chr19:54849463	SRR385939	8	0.2424	0.0003	1.0000
NA12878:chr19:54849463	SRR385940	8	0.8182	0.0002	1.0000
NA12878:chr19:54849463	SRR385941	8	0.0303	0.0000	1.0000
NA12878:chr1:200376695	SRR385938	8	0.0808	0.0000	1.0000
NA12878:chr1:200376695	SRR385939	8	0.2424	0.0003	1.0000
NA12878:chr1:200376695	SRR385940	8	0.8182	0.0002	1.0000
NA12878:chr1:200376695	SRR385941	8	0.0303	0.0000	1.0000
NA12878:chr1:248224746	SRR385938	8	0.0808	0.0000	1.0000
NA12878:chr1:248224746	SRR385939	8	0.2424	0.0003	1.0000
NA12878:chr1:248224746	SRR385940	8	0.8182	0.0002	1.0000
NA12878:chr1:248224746	SRR385941	8	0.0303	0.0000	1.0000
NA12878:chr20:62196182	SRR385938	8	0.0808	0.0000	1.0000
NA12878:chr20:62196182	SRR385939	8	0.2424	0.0003	1.0000
NA12878:chr20:62196182	SRR385940	8	0.8182	0.0002	1.0000
NA12878:chr20:62196182	SRR385941	8	0.0303	0.0000	1.0000
NA12878:chr2:120005569	SRR385938	8	0.0808	0.0000	1.0000
NA12878:chr2:120005569	SRR385939	8	0.2424	0.0003	1.0000
NA12878:chr2:120005569	SRR385940	8	0.8182	0.0002	1.0000
NA12878:chr2:120005569	SRR385941	8	0.0303	0.0000	1.0000
NA12878:chr2:26455127	SRR385938	8	0.0808	0.0000	1.0000
NA12878:chr2:26455127	SRR385939	8	0.2424	0.0003	1.0000
NA12878:chr2:26455127	SRR385940	8	0.8182	0.0002	1.0000
NA12878:chr2:26455127	SRR385941	8	0.0303	0.0000	1.0000
NA12878:chr2:26502875	SRR385938	8	0.0808	0.0000	1.0000
NA12878:chr2:26502875	SRR385939	8	0.2424	0.0003	1.0000
NA12878:chr2:26502875	SRR385940	8	0.8182	0.0002	1.0000
NA12878:chr2:26502875	SRR385941	8	0.0303	0.0000	1.0000
NA12878:chr3:129155670	SRR385938	8	0.0808	0.0000	1.0000
NA12878:chr3:129155670	SRR385939	8	0.2424	0.0003	1.0000
NA12878:chr3:129155670	SRR385940	8	0.8182	0.0002	1.0000
NA12878:chr3:129155670	SRR385941	8	0.0303	0.0000	1.0000
NA12878:chr3:49156473	SRR385938	8	0.0808	0.0000	1.0000
NA12878:chr3:49156473	SRR385939	8	0.2424	0.0003	1.0000
NA12878:chr3:49156473	SRR385940	8	0.8182	0.0002	1.0000
NA12878:chr3:49156473	SRR385941	8	0.0303	0.0000	1.0000
NA12878:chr3:49362369	SRR385938	8	0.0808	0.0000	1.0000
NA12878:chr3:49362369	SRR385939	8	0.2424	0.0003	1.0000
NA12878:chr3:49362369	SRR385940	8	0.8182	0.0002	1.0000
NA12878:chr3:49362369	SRR385941	8	0.0303	0.0000	1.0000
NA12878:chr3:49455330	SRR385938	8	0.0808	0.0000	1.0000
NA12878:chr3:49455330	SRR385939	8	0.2424	0.0003	1.0000
NA12878:chr3:49455330	SRR385940	8	0.8182	0.0002	1.0000
NA12878:chr3:49455330	SRR385941	8	0.0303	0.0000	1.0000
NA12878:chr4:1729988	SRR385938	8	0.0808	0.0000	1.0000
NA12878:chr4:1729988	SRR385939	8	0.2424	0.0003	1.0000
NA12878:chr4:1729988	SRR385940	8	0.8182	0.0002	1.0000
NA12878:chr4:1729988	SRR385941	8	0.0303	0.0000	1.0000
NA12878:chr4:95186055	SRR385938	8	0.0808	0.0000	1.0000
NA12878:chr4:95186055	SRR385939	8	0.2424	0.0003	1.0000
NA12878:chr4:95186055	SRR385940	8	0.8182	0.0002	1.0000
NA12878:chr4:95186055	SRR385941	8	0.0303	0.0000	1.0000
NA12878:chr5:102894673	SRR385938	8	0.0808	0.0000	1.0000
NA12878:chr5:102894673	SRR385939	8	0.2424	0.0003	1.0000
NA12878:chr5:102894673	SRR385940	8	0.8182	0.0002	1.0000
NA12878:chr5:102894673	SRR385941	8	0.0303	0.0000	1.0000
NA12878:chr5:31538692	SRR385938	8	0.0808	0.0000	1.0000
NA12878:chr5:31538692	SRR385939	8	0.2424	0.0003	1.0000
NA12878:chr5:31538692	SRR385940	8	0.8182	0.0002	1.0000
NA12878:chr5:31538692	SRR385941	8	0.0303	0.0000	1.0000
NA12878:chr6:17675246	SRR385938	8	0.0808	0.0000	1.0000
NA12878:chr6:17675246	SRR385939	8	0.2424	0.0003	1.0000
NA12878:chr6:17675246	SRR385940	8	0.8182	0.0002	1.0000
NA12878:chr6:17675246	SRR385941	8	0.0303	0.0000	1.0000
NA12878:chr6:76425288	SRR385938	8	0.0808	0.0000	1.0000
NA12878:chr6:76425288	SRR385939	8	0.2424	0.0003	1.0000
NA12878:chr6:76425288	SRR385940	8	0.8182	0.0002	1.0000
NA12878:chr6:76425288	SRR385941	8	0.0303	0.0000	1.0000
NA12878:chr7:55268949	SRR385938	8	0.0808	0.0000	1.0000
NA12878:chr7:55268949	SRR385939	8	0.2424	0.0003	1.0000
NA12878:chr7:55268949	SRR385940	8	0.8182	0.0002	1.0000
NA12878:chr7:55268949	SRR385941	8	0.0303	0.0000	1.0000
NA12878:chr9:2029199	SRR385938	8	0.0808	0.0000	1.0000
NA12878:chr9:2029199	SRR385939	8	0.2424	0.0003	1.0000
NA12878:chr9:2029199	SRR385940	8	0.8182	0.0002	1.0000
NA12878:chr9:2029199	SRR385941	8	0.0303	0.0000	1.0000
NA12878:chr9:86278913	SRR385938	8	0.0808	0.0000	1.0000
NA12878:chr9:86278913	SRR385939	8	0.2424	0.0003	1.0000
NA12878:chr9:86278913	SRR385940	8	0.8182	0.0002	1.0000
NA12878:chr9:86278913	SRR385941	8	0.0303	0.0000	1.0000
NA18507:chr10:91143374	SRR385938	9	0.4219	0.1359	1.0000
NA18507:chr10:91143374	SRR385939	9	0.7265	0.0027	1.0000
NA18507:chr10:91143374	SRR385940	9	0.0101	0.0005	1.0000
NA18507:chr10:91143374	SRR385941	9	0.0909	0.0000	1.0000
NA18507:chr17:1703982	SRR385938	9	0.4219	0.1359	0.9782
NA18507:chr17:1703982	SRR385939	9	0.7265	0.0027	0.9782
NA18507:chr17:1703982	SRR385940	9	0.0101	0.0005	0.9782
NA18507:chr17:1703982	SRR385941	9	0.0909	0.0000	0.9782
NA18507:chr18:8784723	SRR385938	9	0.4219	0.1359	1.0000
NA18507:chr18:8784723	SRR385939	9	0.7265	0.0027	1.0000
NA18507:chr18:8784723	SRR385940	9	0.0101	0.0005	1.0000
NA18507:chr18:8784723	SRR385941	9	0.0909	0.0000	1.0000
NA18507:chr22:24622124	SRR385938	9	0.4219	0.1359	1.0000
NA18507:chr22:24622124	SRR385939	9	0.7265	0.0027	1.0000
NA18507:chr22:24622124	SRR385940	9	0.0101	0.0005	1.0000
NA18507:chr22:24622124	SRR385941	9	0.0909	0.0000	1.0000
NA18507:chr22:32587251	SRR385938	9	0.4219	0.1359	0.9972
NA18507:chr22:32587251	SRR385939	9	0.7265	0.0027	0.9972
NA18507:chr22:32587251	SRR385940	9	0.0101	0.0005	0.9972
NA18507:chr22:32587251	SRR385941	9	0.0909	0.0000	0.9972
NA18507:chr2:33487845	SRR385938	9	0.4219	0.1359	1.0000
NA18507:chr2:33487845	SRR385939	9	0.7265	0.0027	1.0000
NA18507:chr2:33487845	SRR385940	9	0.0101	0.0005	1.0000
NA18507:chr2:33487845	SRR385941	9	0.0909	0.0000	1.0000
NA18507:chr5:140603248	SRR385938	9	0.4219	0.1359	1.0000
NA18507:chr5:140603248	SRR385939	9	0.7265	0.0027	1.0000
NA18507:chr5:140603248	SRR385940	9	0.0101	0.0005	1.0000
NA18507:chr5:140603248	SRR385941	9	0.0909	0.0000	1.0000
NA18507:chr5:180166362	SRR385938	9	0.4219	0.1359	1.0000
NA18507:chr5:180166362	SRR385939	9	0.7265	0.0027	1.0000
NA18507:chr5:180166362	SRR385940	9	0.0101	0.0005	1.0000
NA18507:chr5:180166362	SRR385941	9	0.0909	0.0000	1.0000
